created_at,text,sad
2021-08-02 02:50:13,"Que le falta a Matzuda para que sea m√°s considerado en el equipo? 
No digo que sea titular, pero como revulsivo funcionar√≠a bien y ya te lo ha demostrado.",
2021-08-02 01:54:22,"RT @ErrorArbitralTR: Por ahora, Matzuda ha demostrado m√°s que Edgar Benitez.",
2021-08-02 01:38:38,"Matzuda tiene que arrancar ante Cantolao, demostr√≥ que tiene m√°s ganas de jugar que muchos otros. https://t.co/n1yMlpW1yB",
2021-08-02 01:27:18,"@ClubALoficial @sportboys En vez del pajaro Ben√≠tez se hubiera contratado un 10, como dice Barcos, NO GENERAMOS, por la ptm no podemos estar sin generar jugadas de peligro con 3 o 4 por partido no alcanza. Matzuda &gt;Ben√≠tez.",
2021-08-02 01:06:41,@haruninja Matzuda por Oliva. Olvidan que Mauricio antes de llegar a Alianza hizo toda su formaci√≥n jugando de interior. Incluso jugo un Sudamericano S17 en esa posici√≥n.,
2021-08-02 00:47:53,"@theatharis A ese tal conejo, no le veo nada, es torpe. Matzuda juega mejor",
2021-08-02 00:36:42,@SobrinoV_Edu @1901fernando arley y matzuda,
2021-08-02 00:17:39,"RT @ErrorArbitralTR: Por ahora, Matzuda ha demostrado m√°s que Edgar Benitez.",
2021-08-02 00:08:32,@RicardoPJ12 @InfoGrone Para ser sincero yo si envidio a cristal meten a sus jugadores chibolos les da la confianza y lo hacen bien y estan punteros y ALl mete a un paquete de Benitez y no le da la oportunidad a matzuda que hace 2 a√±os jugaba bien en AL pero no lo tomaron en cuenta despues y jode eso.,
2021-08-01 23:36:03,"@InfoGrone Matzuda no puede ser suplente y Ben√≠tez no puede ser el primer recambio, esta estafando pendejo",
2021-08-01 23:35:42,"@gersoncuba2603 @VocesFutbolPeru @alianzahistory Vilchez y Lacerda centrales, Lagos y portales , en el medio Moyano Matzuda Concha Barco y los Rodriguez arriba. Mora y Ballon a la banca.. Espero de verdad que Ben√≠tez no quede como un paquete en el equipo Eso depende dl juego dl dt. Ben√≠tez depende d su experiencia qdar bien",
2021-08-01 23:35:27,"Imag√≠nense un Pinto ,Barcos y Matzuda woow , igual nunca pasara ",
2021-08-01 23:33:54,"@FernandaHuapaya Ball√≥n y Valenzuela no pueden jugar juntos, se estorban. Moyano me parece m√°s interesante por su juego simple. Faltan chicos con m√°s gambeta y cambio de ritmo como Matzuda o Pinto. Yo creo que un 4-2-3-1 nos puede acomodar, con esa me quedo",
2021-08-01 23:33:06,"RT @ErrorArbitralTR: Por ahora, Matzuda ha demostrado m√°s que Edgar Benitez.",
2021-08-01 23:32:17,"RT @theatharis: Posible alineaci√≥n de Alianza Lima ante Sport Boys: Campos; M√≠guez, Portales, Rojas; Mora, Lagos, Ball√≥n, Valenzuela, Conch‚Ä¶",
2021-08-01 23:29:38,@tabano1992 Matzuda es el idoneo ah√≠,
2021-08-01 23:28:48,@BlueGrone94 Chau Zela de punta aldair y de extremo matzuda,
2021-08-01 23:28:25,"RT @ErrorArbitralTR: Por ahora, Matzuda ha demostrado m√°s que Edgar Benitez.",
2021-08-01 23:26:24,Lo pido siempre METE A MATZUDA HDP,
2021-08-01 23:18:41,@theatharis Pero Matzuda por quien no podemos jugar con 12,
2021-08-01 23:18:20,"@1901fernando Los dos Rodriguez por fuera y Barcos de 9. Tambi√©n puede ir Matzuda, Aguirre o Manzaneda en esos puestos.",
2021-08-01 23:16:34,"@SobrinoV_Edu Por ahora un ropero y estamos usando ese cambio por gusto , una bala al aire , matzuda hubiese entrado antes",
2021-08-01 23:16:30,@chgordillo A si es para que lo mete a Matzuda  faltando 5 minutos,
2021-08-01 23:16:28,"@carlosalfaroc el partido de lagos fue malo, decidia mal, el cambio de matzuda siento q cambio la cara del equipo, es el jugador q alianza necesita para crear ocasiones",
2021-08-01 23:16:20,"RT @theatharis: En pocos minutos, Mauricio Matzuda tuvo pase de gol y protagoniz√≥ una acci√≥n de contra golpe. Hasta gener√≥ una amarilla par‚Ä¶",
2021-08-01 23:15:20,"RT @intimoelemento: De muy poco te sirve mentener tu arco en cero, si tampoco la metes.
Hoy, muy pocos est√°n sobre 4 puntos; por ah√≠ rescat‚Ä¶",
2021-08-01 23:14:53,"@JulioWong66 No hay trabajo del DT.
Si Mei equipo es limitadisimo en figuras al menos hago trabajo f√≠sico y planteo presi√≥n alta.
Esos refuerzos son una l√°grima.
Ben√≠tez y Arley son suplentes.. extranjeros SUPLENTES.
Hoy MATZUDA el crack de Tweter al menos corri√≥.
Este ALIANZA 2021 est√° mal",
2021-08-01 23:14:12,"En conclusi√≥n matzuda es todo lo que est√° bien.

Como lo quiero a ese chico https://t.co/PlPnXE8jlC",
2021-08-01 23:13:55,"@theatharis No s√© bien de verdad si matzuda deber√≠a ser titular,pero lo q si se, es q vamos + de medio a√±o y juegamos a nada.Tienen q cambiar de DT.Tenemos equipo pero no DT,Bustos es muy terco y es peor q Bengoechea.Puro pelotaso no ganamos un punto,estamos perdiendo 2 y ya desde hace mucho",
2021-08-01 23:13:52,@theatharis Matzuda le falta cuerpo y ya no es chibolo,
2021-08-01 23:13:07,"RT @theatharis: En pocos minutos, Mauricio Matzuda tuvo pase de gol y protagoniz√≥ una acci√≥n de contra golpe. Hasta gener√≥ una amarilla par‚Ä¶",
2021-08-01 23:13:01,"@theatharis Y Matzuda resalta porque ning√∫n jugador se atreve a driblear o hacer cambios de velocidad, poco juego por bandas. Sinnun organizador y extremoa definidos se nota la poca producci√≥n de ataque en Alianza.",
2021-08-01 23:12:48,"RT @theatharis: En pocos minutos, Mauricio Matzuda tuvo pase de gol y protagoniz√≥ una acci√≥n de contra golpe. Hasta gener√≥ una amarilla par‚Ä¶",
2021-08-01 23:10:55,"RT @theatharis: En pocos minutos, Mauricio Matzuda tuvo pase de gol y protagoniz√≥ una acci√≥n de contra golpe. Hasta gener√≥ una amarilla par‚Ä¶",
2021-08-01 23:09:02,"@FernandaHuapaya Bustos es terco y previsible,no replantea bien y se equivoca en los cambios.Debi√≥ seguir Concha y Matzuda ingres√≥ muy tarde.",
2021-08-01 23:07:08,"RT @theatharis: En pocos minutos, Mauricio Matzuda tuvo pase de gol y protagoniz√≥ una acci√≥n de contra golpe. Hasta gener√≥ una amarilla par‚Ä¶",
2021-08-01 23:02:49,"RT @theatharis: En pocos minutos, Mauricio Matzuda tuvo pase de gol y protagoniz√≥ una acci√≥n de contra golpe. Hasta gener√≥ una amarilla par‚Ä¶",
2021-08-01 23:01:17,@FernandaHuapaya Bustos deber√≠a probar con Matzuda o P√≠nto que son desiquilibrantes. Le pueden aportar algo distinto al ataque.,
2021-08-01 23:01:12,"RT @intimoelemento: De muy poco te sirve mentener tu arco en cero, si tampoco la metes.
Hoy, muy pocos est√°n sobre 4 puntos; por ah√≠ rescat‚Ä¶",
2021-08-01 23:00:16,"Cada vez que Mauricio Matzuda jug√≥, dej√≥ la sensaci√≥n que tienen que darle m√°s minutos.",
2021-08-01 22:59:09,"Mi once para el Miercoles es:
Campos 
Canales Portales Miguez  y Dylan Caro
Mora Matzuda Concha  Lagos
Barcos y gonzales Zela
Bustos dale oportunidad a los jovenes x favor .",
2021-08-01 22:59:06,"@theatharis Desde el partido contra Santa Rosa, Matzuda ya mostraba ser un jugador distinto y Bustos ni lo considera de titular. Mal jugado ah√≠.",
2021-08-01 22:58:39,"RT @intimoelemento: De muy poco te sirve mentener tu arco en cero, si tampoco la metes.
Hoy, muy pocos est√°n sobre 4 puntos; por ah√≠ rescat‚Ä¶",
2021-08-01 22:58:09,"RT @theatharis: En pocos minutos, Mauricio Matzuda tuvo pase de gol y protagoniz√≥ una acci√≥n de contra golpe. Hasta gener√≥ una amarilla par‚Ä¶",
2021-08-01 22:57:44,"RT @theatharis: En pocos minutos, Mauricio Matzuda tuvo pase de gol y protagoniz√≥ una acci√≥n de contra golpe. Hasta gener√≥ una amarilla par‚Ä¶",
2021-08-01 22:53:35,"RT @intimoelemento: De muy poco te sirve mentener tu arco en cero, si tampoco la metes.
Hoy, muy pocos est√°n sobre 4 puntos; por ah√≠ rescat‚Ä¶",
2021-08-01 22:53:24,"@riedhesu Exacto, siempre se le reclama que trabaje si f√≠sico a Matzuda, porque condiciones tiene desde que apareci√≥, yo igual lo usar√≠a regularmente.",
2021-08-01 22:53:13,"@ChrisMaquiavelo Y es algo q no entiendo, si el lo ve entrenar, adem√°s de su asistentes, supongo q partidos de pr√°ctica deben ser tan suaves q ah√≠ desborda mete centros, juega,
Matzuda debe ser primera opci√≥n",
2021-08-01 22:51:50,"RT @theatharis: En pocos minutos, Mauricio Matzuda tuvo pase de gol y protagoniz√≥ una acci√≥n de contra golpe. Hasta gener√≥ una amarilla par‚Ä¶",
2021-08-01 22:50:29,"Bustos, hablas de Pinto, Matzuda, Gallardo, Navea. Y por qu√© mierda no les das m√°s minutos la conchadetumadre?
No puedes probar a cualquiera de esos en lugar de Oliva?",
2021-08-01 22:50:28,"Quien se va tranquilo, infeliz. Ya estamos agosto y el equipo juega a nada, sigues terco con ese 3-5-2, con Ballon, Miguez desperdiciado en la defensa, Matzuda en banca, con refuerzos que no suman. https://t.co/nVN5SblxH6",
2021-08-01 22:49:47,@SobrinoV_Edu Matzuda es mas que Manzaneda y Ben√≠tez.,
2021-08-01 22:49:47,"@ClubALoficial @sportboys Estas declarando puras excusas BUSTOS CONCHADTUMADRE
Hoy el. Partido estaba para ganarlo conchadtumadre
Sacas a valenzuela metes a oliva
Saca a Aldair metes a Matzuda desde el inicio del segundo tiempo y teniamos juego y ataq conchadtumadre
Deja d dar excusa BUSTOS CONCHADTUMADRE",
2021-08-01 22:48:59,"@ClubALoficial @sportboys Esa linea de 5 nos quita jugadores en el medio. No hay generaci√≥n. Encima pone 2 contenciones (valenzuela y ballon). Matzuda lo poco q estuvo hizo lo q nadie, ir ADELANTE con velocidad.",
2021-08-01 22:48:25,"Pr√≥ximo partido si no esta Matzuda ,Pinto ,Gonzales Zela o el zorrito Aguirre . Bustos se tiene que ir sinceramente ya no lo banco con su alineaci√≥n .",
2021-08-01 22:47:24,RT @Walo1901: Ya con eso Matzuda hizo m√°s q Ben√≠tez,
2021-08-01 22:46:51,"@rolo19011 Ese Paragua, nada de nada
Matzuda antes de √©l",
2021-08-01 22:46:46,"@SobrinoV_Edu Bustos no sabe replantear un partido. Ben√≠tez ni para los √∫ltimos 15, le falta f√∫tbol.
A Matzuda ya dale la oportunidad de arrancar.",
2021-08-01 22:44:39,Como vas a meter a Matzuda faltando escasos minutos Carlos Bustos ?,
2021-08-01 22:43:31,"Entr√≥ Oliva, Ben√≠tez Arley y Matzuda este √∫ltimo  marc√≥ diferencia en lo poco que estuvo.

Pide m√°s minutos, vale precisar q es de la . https://t.co/ID1sYAmzTl",
2021-08-01 22:43:06,"RT @theatharis: En pocos minutos, Mauricio Matzuda tuvo pase de gol y protagoniz√≥ una acci√≥n de contra golpe. Hasta gener√≥ una amarilla par‚Ä¶",
2021-08-01 22:42:43,"RT @theatharis: En pocos minutos, Mauricio Matzuda tuvo pase de gol y protagoniz√≥ una acci√≥n de contra golpe. Hasta gener√≥ una amarilla par‚Ä¶",
2021-08-01 22:42:31,"@SobrinoV_Edu Hay mejores equipos q el nuestro
Bustos cuida el cero en arco propio, v√°lido, pero con empates no llegamos a nada
A Barco y Aldair nada q decirle, lucharon pero no les llega pases
Matzuda antes q Ben√≠tez siempre
Oliva deber√≠a jugar y hacer f√∫tbol con Concha
Muy mal Valenzuela",
2021-08-01 22:41:41,"@SobrinoV_Edu Si vamos a jugar con bandas debemos de tener gente q genere 1 contra 1 como es el f√∫tbol de ahora, nuestros bandas lagos solo es agarra y centrar no hacen el 1 contra 1,entro Matzuda y lo hizo bien, debe de volver al 4-5-1",
2021-08-01 22:41:00,"De muy poco te sirve mentener tu arco en cero, si tampoco la metes.
Hoy, muy pocos est√°n sobre 4 puntos; por ah√≠ rescatable lo de Campos, Miguez, Ball√≥n y los minutos de Matzuda.
Medio a√±o y a√∫n no sabemos a que juega Alianza. No esperemos que todo est√© perdido para reaccionar.",
2021-08-01 22:40:44,"@ClubALoficial @sportboys Moyano y Matzuda deber√≠a ser titulares. Ballon ac tiempo q db ser suplente, Mora limitado no aporta nada
Jordi Vilchez tambi√©n db ser titular. En verdad alianza es un equipo picapiedra teniendo jugadores q pueden dar m√°s juego al equipo. Jugadores q est√°n en la banca",
2021-08-01 22:39:51,@fanovargas Entro Matzuda pero no marco mucha diferencia que digamos,
2021-08-01 22:39:43,RT @Walo1901: Ya con eso Matzuda hizo m√°s q Ben√≠tez,
2021-08-01 22:39:21,"@ClubALoficial @sportboys Vamos a seguro apoyando, pero tampoco somos ciegos p, ese partido contra Ayacucho que fue un chispazo nom√°s, no p ya deben mostrar un juego, MATZUDA desde el ARRANQU√â!",
2021-08-01 22:39:05,"Barcos suma mucho en el ataque, pero no est√° para jugar los 90'. El cambio debi√≥ ser por Arley o Matzuda que como siempre entro desequilibrante.
Desahuevate Bustos, poco floro.",
2021-08-01 22:38:19,"@SobrinoV_Edu Alianza esrs descsbfocescsoar puntos por la incapacidad del t√©cnico, el sistema mo ayuda a la ofensiva porque terminamos con 3 volantes de contenci√≥n y solo uno de creaci√≥n, los cambios nos hacen m√°s previsibles, y Matzuda requiere m√°s tiempo",
2021-08-01 22:38:09,@Fdodavila Boys muerto f√≠sicamente en el 2do tiempo y ni as√≠ replantea bien Bustos los √∫nicos cambios que tratan son Matzuda en pocos minutos y Arley.,
2021-08-01 22:38:04,"Muy poco del p√°jaro Ben√≠tez, siento que esta mas para entrar faltando 10, que casi 40, mas tiempo le dar√≠a a Matzuda y Gonzales Zela. #alianzaLima #liga1",
2021-08-01 22:37:33,"RT @ErrorArbitralTR: Por ahora, Matzuda ha demostrado m√°s que Edgar Benitez.",
2021-08-01 22:37:16,"@ClubALoficial @sportboys Los cambios eran al inicio del segundo tiempo ARLEY por ALDAIR, MATZUDA por BAYLL√ìN, defensa de 4, MIGUEZ en la posici√≥n de BAYLL√ìN, BARCOS de falso 9 y MATZUDA junto a CONCHA",
2021-08-01 22:35:45,"Matzuda en cambio, con un tq ya est√° corriendo al arco, es de pique corto, desbarata la l√≠nea en una. 
Pd: con el zorrito ten√≠amos m√°s ocasiones de gol.",
2021-08-01 22:35:20,"@theatharis Matzuda tiene muchas ganas, pero no lo veo para ser titular en Alianza,es muy menudito,eso s√≠ corre y no deja de correr",
2021-08-01 22:35:02,"Bustos:
- Par√≥ el equipo con l√≠nea de 3 y todo el 1er Tiempo nos ganaron las espaldas. NI UN SOLO TIRO AL ARCO en el primer tiempo.
- Replantea con l√≠nea de 4 atr√°s, pero pone 4 DELANTEROS, todo desorden.
- Saca a Aldair y pone a Matzuda.
- Termina el equipo con centros de mrd.",
2021-08-01 22:34:52,"RT @theatharis: En pocos minutos, Mauricio Matzuda tuvo pase de gol y protagoniz√≥ una acci√≥n de contra golpe. Hasta gener√≥ una amarilla par‚Ä¶",
2021-08-01 22:34:22,"@theatharis Mucho equipo para bustos hace tiempo lo dije, encima ese benites m√°s duro esta, matzuda lejos much√≠simo mejor!",
2021-08-01 22:34:11,@Walo1901 Ciento pero hoy por hoy vi mejor a Matzuda.,
2021-08-01 22:33:59,"@SobrinoV_Edu No debi√≥ sacar a Concha
Creo q Oliva debe jugar de arranque
Y en cambios antes q Ben√≠tez es Matzuda
Mora por amarilla q ten√≠a no debi√≥ salir
Lo vi fastidiado por poca elaboraci√≥n, por malos centros,",
2021-08-01 22:33:40,"@ClubALoficial @sportboys No debi√≥ sacar a Concha y Matzuda ingres√≥ muy tarde,Bustos volvi√≥ a equivocarse con los cambios y el replanteo.",
2021-08-01 22:33:15,"Ojal√° Matzuda empiece a tener mas minutos. Esas ganas, picard√≠a y explosi√≥n es la que nos falta. Jugando con 3 atr√°s y carrileros que casi nunca se animan es dif√≠cil explotar las bandas. Quiz√°s deber√≠amos volver al 4-3-3. Insisto en que Moyano es un indispensable.",
2021-08-01 22:33:13,@theatharis Jajajajaja #matzuda????,
2021-08-01 22:32:50,"@theatharis JAJA QUE PARTIDO DE MATZUDA VISTE, ES UN TRONQUITO.",
2021-08-01 22:32:50,"RT @theatharis: En pocos minutos, Mauricio Matzuda tuvo pase de gol y protagoniz√≥ una acci√≥n de contra golpe. Hasta gener√≥ una amarilla par‚Ä¶",
2021-08-01 22:32:48,"@fanovargas Fano se le extra√±a a Cornejo , cuando lo sacan a Concha el equipo se cae a pedazos y el chino Matzuda era hace rato .",
2021-08-01 22:32:21,"RT @theatharis: En pocos minutos, Mauricio Matzuda tuvo pase de gol y protagoniz√≥ una acci√≥n de contra golpe. Hasta gener√≥ una amarilla par‚Ä¶",
2021-08-01 22:32:17,@fanovargas Incre√≠ble que Aldair Rodr√≠guez sea titular y que Matzuda sea suplente. Tambi√©n es incre√≠ble el cambio de Concha (el √∫nico creativo) por Benitez que no demuestra nada.,
2021-08-01 22:32:17,@ClubALoficial @sportboys Bustos una lagrima Matzuda un jugador rapido al que no le dan minimo 1/2 tiempo lo de benites hasta cuando no se adaptara sera hasta que culmine el campeonato.,
2021-08-01 22:31:51,"Matzuda ya hizo m√°s que Benitez, pero f√≠sicamente a la edad de Matzuda, no es de un jugador de 1ra divisi√≥n, parece un chico de 16 a√±os reci√©n.",
2021-08-01 22:31:37,"En pocos minutos, Mauricio Matzuda tuvo pase de gol y protagoniz√≥ una acci√≥n de contra golpe. Hasta gener√≥ una amarilla para el rival. Con hechos, el futbolista pide m√°s oportunidades en Alianza Lima. La pelota en campo del t√©cnico √≠ntimo Carlos Bustos.",
2021-08-01 22:30:37,M√°s minutos a Matzuda y Moyano. Banca para Ben√≠tez,
2021-08-01 22:30:27,"Un Asco de resultado pon a Matzuda m√°s temprano antes que el paraguayo, sacas a Mora y dejas a Rojas un central mande centros inofensivos ????????? Esa es la estrategia Bustos ????? @Fdodavila",
2021-08-01 22:30:15,@ErrorArbitralTR Ya son muchos partidos de bustos cuestionable siempre hace los cambios faltando 20 aveces hay que arriesgar un poco matzuda debi√≥ entrar mucho antes,
2021-08-01 22:29:58,"@ClubALoficial @sportboys Matzuda ya hizo m√°s que Ben√≠tez, preocupante situaci√≥n y el siguiente partido es en 3 d√≠as.",
2021-08-01 22:29:46,"Matzuda con el poco tiempo que le dan es mejor que varios con m√°s recorrido, Benitez en deuda y ya es hora que despegue, Barcos jug√≥ por debajo de lo que nos tiene acostumbrados.",
2021-08-01 22:29:45,"Por ahora, Matzuda ha demostrado m√°s que Edgar Benitez.",
2021-08-01 22:28:56,Matzuda mucho mejor que Ben√≠tez que hasta ahora m√°s resta que suma.,
2021-08-01 22:28:55,"@ClubALoficial @sportboys Hasta las huevas! Bustos poco t√©cnico para alianza, y ese p√°jaro benites m√°s duro que caca de robot matzuda en poco tiempo hizo mucho m√°s!",
2021-08-01 22:28:23,"Final en Villa el salvador Alianza Lima consigue otro empate esta vez con un duro rival como Boys 0-0
Los cambios:
Benites 
Matzuda 
Arley 
Edu Oliva ",
2021-08-01 22:28:00,@Walo1901 Ese es un gran refuerzo? Se dejaron lleva por su trayectoria no por su presente. Matzuda en 5 min hizo mucho m√°s,
2021-08-01 22:26:32,"Hasta ahora Matzuda hizo m√°s que Ben√≠tez, esto si es preocupante y el siguiente partido es en 3 d√≠as.",
2021-08-01 22:23:19,Barcos Matzuda estaba solo...,
2021-08-01 22:22:16,"@frank_reyes_al Prefiero mil,veces a Matzuda,  Zorro cojo",
2021-08-01 22:20:46,#matzuda debe ser amigo del se√±or Ademir ,
2021-08-01 22:20:33,"Bien Matzuda, deber√≠a tener m√°s minutos",
2021-08-01 22:20:27,"Pudo seguir Matzuda, en fin.",
2021-08-01 22:20:12,Matzuda vol√≥ como el Churre en sus buenos tiempos.,
2021-08-01 22:20:04,MATZUDA MERECE MUCHOS M√ÅS MINUTOS!!!,
2021-08-01 22:20:04,ALGUIEN QUE ME EXPLIQUE PORQUE SE TIRO MATZUDA?,
2021-08-01 22:19:59,Ya con eso Matzuda hizo m√°s q Ben√≠tez,
2021-08-01 22:18:36,"@elblogintimoEBI @ClubALoficial Matzuda era antes y no Ben√≠tez, ese DDT quem√≥ un cambio",
2021-08-01 22:18:13,"Muy livianito, Matzuda.",
2021-08-01 22:18:12,Si Matzuda mete gol le doy un beso a @JDS_SG,
2021-08-01 22:16:58,"Sale Cachito y entra Revoredo. Sport Boys va acabar jugando con 5 defensas. 

Sale Aldair y debuta Matzuda. AL va terminar jugando 4-3-3. Matzuda se va colocar al lado de Ball√≥n y Valenzuela. No le sali√≥ el cambio de esquema a Bustos que sigue replanteando mas de 1 vez en 90'",
2021-08-01 22:16:49,"Ojal√° no lo maten por 5 minitos al chico Matzuda, el que no hizo nada en 85 minutos fue Aldair Rodr√≠guez.",
2021-08-01 22:16:43,"Cambio en Sport Boys:
Renzo Revoredo x Luis Ram√≠rez
Cambio en Alianza Lima:
Mauricio Matzuda x Aldair Rodr√≠guez
38' ST",
2021-08-01 22:16:40,"@ClubALoficial: 0Ô∏è‚É£ - @sportboys: 0Ô∏è‚É£. Minuto 82: Ingresa Mauricio Matzuda por Aldair Rodr√≠guez.
#Pasi√≥nAlianza #Liga1Betsson #AlianzaLima #ArribaAlianza",
2021-08-01 22:16:21,Hace raaato era el cambio de matzuda,
2021-08-01 22:16:14,"82' CAMBIO EN @ClubALoficial 

‚û°Ô∏èMauricio Matzuda
‚¨ÖÔ∏èAldair Rodr√≠guez 

Demor√≥ este cambio.

#ElCorazonDelPueblo",
2021-08-01 22:16:13,Vamos Matzuda,
2021-08-01 22:16:11,"Cambio en Alianza Lima:

Sali√≥: Aldair Rodr√≠guez
Ingres√≥: Matzuda

#AL 0-0 #SB

S√≠guelo aqu√≠ https://t.co/aX6NSNXUcv   

#LIGA1BETSSONxOVACION https://t.co/HcwwxLeOY8",
2021-08-01 22:16:01,‚è∞ #Ahora ¬°CAMBIO EN @ClubALoficial! Se retira Aldair Rodr√≠guez y en su lugar ingresa Mauricio Matzuda. #LIGA1BETSSONXGOLPERU #AlientaDesdeCasa https://t.co/QyZtfWl4hW,
2021-08-01 22:15:56,@Percy09605394 Matzuda por fuera tambi√©n creo.,
2021-08-01 22:15:53,"8 minutos a Matzuda, por diooooo posho.",
2021-08-01 22:15:29,"@haruninja Me alegra q saquen a cachito y q ingrese Matzuda
Le juego unas fichas a los √∫ltimos minutos para Alianza",
2021-08-01 22:15:28,AL FIN MATZUDA LA PTMM,
2021-08-01 22:11:32,Saca a Rodr√≠guez y mete a Matzuda,
2021-08-01 22:11:31,@dbmansilla Tmr... matzuda aportar√≠a m√°s...,
2021-08-01 22:10:30,RT @fanovargas: Oe ya mete a Matzuda. Alianza necesita alguien que rompa el bloque defensivo de Boys,
2021-08-01 22:08:41,Oe ya mete a Matzuda. Alianza necesita alguien que rompa el bloque defensivo de Boys,
2021-08-01 22:06:16,"Bustos usa a Matzuda, mano. Ya estamos para probar jaja",
2021-08-01 22:00:01,"Creo que Aldair Rodr√≠guez a√∫n nO est√° en ritmo.
Porque no meterlo a Matzuda?
#AlianzaLima
#AlianzaLimavsBoys",
2021-08-01 21:58:33,Mete a Matzuda oe,
2021-08-01 21:58:11,"Oe, t√≠renle la fe a Matzuda ptm",
2021-08-01 21:56:29,"Papa Francisco q ha hecho para q Cuba y Venezuela sean libres? ...
#VacanciaPedroCastillo #AsumeTuVotoIdiota Arequipa La Rep√∫blica Bre√±a Valenzuela Barcos Piura Matzuda Lescano #VigilaTuKarpaIdiota Campo de Marte MRTA Movadef En Per√∫ Suiza Sullana Montesinos Sendero Juan Sheput https://t.co/hkrxVGFoVc https://t.co/g3NwW4MZYj",
2021-08-01 21:46:15,"No ver√≠a mal un ingreso de Matzuda, creo que falta alguien m√°s encantador y desequilibrante por las bandas",
2021-08-01 21:45:08,@vicosaenz Ser√° que entra Matzuda,
2021-08-01 21:44:25,"Nos falta atrevimiento , quiero verlo  Matzuda!",
2021-08-01 21:39:44,"La revoluci√≥n que ama Cerron
#VacanciaPedroCastillo La Rep√∫blica #AsumeTuVotoIdiota Arequipa Papa Francisco Valenzuela #RespetaMiVoto Matzuda #Cojudignos Bre√±a Palacio Fiscal Abimael Ministro del Interior Lescano Barcos https://t.co/BNGB7a8BEA https://t.co/vpPdD8mZUe",
2021-08-01 21:36:32,"RT @elblogintimoEBI: ‚è±FINAL DEL PRIMER TIEMPO

Pocas opciones en ataque y con poca asociaci√≥n en el mediocampo. La defensa juega con pases‚Ä¶",
2021-08-01 21:35:47,"@ClubALoficial @sportboys Con este dt se sigue en lo mismo jugar cn 2 contenci√≥n, jugar ano perder, pero tambi√©n a no ganar. Mora d verdad el pr√≥ximo a√±o no debe seguir en alianza. Matzuda mejor q se vaya a otro equipo x q jam√°s tendr√° las oportunidades q se merece deber√≠a ser titular.",
2021-08-01 21:34:11,"‚è±FINAL DEL PRIMER TIEMPO

Pocas opciones en ataque y con poca asociaci√≥n en el mediocampo. La defensa juega con pases por elevaci√≥n, buscando la espalda de Barcos y Aldair Rodr√≠guez. El ingreso de Matzuda ser√≠a importante para considerar. 

¬øQu√© te parece el partido? https://t.co/P4lZX9GW9C",
2021-08-01 21:32:56,"@theatharis Alianza no sabe hacer presi√≥n alta donde esta el trabajo como equipo grande. Ni Mora , ni Lagos van al 1 contra 1 , va tener que entrar Matzuda y Arley supongo salga Barcos y poder pasar a un 442 √≥ 4231",
2021-08-01 21:29:14,Matzuda por derecha pap√° y cambio de Rodr√≠guez que en los √∫ltimos 20 los liquidamos.,
2021-08-01 21:29:10,"L√≠nea de 4 para el segundo tiempo, tato de lateral, que entre Arley/ p√°jaro por mora y Matzuda por Valenzuela ,4-4-2.",
2021-08-01 21:26:37,"L√≠nea de 4 abajo la ptm: Mora-Portales-Tato-Lagos.
M√≠guez y Valenzuela de 6, Matzuda y Concha.
4 - 4 - 2
¬øTAN COMPLEJO ES?",
2021-08-01 21:26:01,@ClubALoficial @sportboys Saquen a un defensa y metan al chino Matzuda,
2021-08-01 21:25:04,Oliva y/o Matzuda para el segundo tiempo. Pase y desequilibrio en √∫ltimo metros nos hacen mucha falta,
2021-08-01 21:23:29,Saco un defensa y lo pongo al chino matzuda,
2021-08-01 21:19:22,Bustos le sugiero unos cambios para el 2T del #AlianzaLima 0-0 #SportBoys. Deben entrar Matzuda #28 y Edhu Oliva #20 por Jairo Concha y Aldair Rodr√≠guez.,
2021-08-01 21:18:46,@SobrinoV_Edu Arley o Matzuda tienen que entrar en el segundo tiempo,
2021-08-01 21:18:14,Saque a Mora y meto a Matzuda,
2021-08-01 21:14:36,"@theatharis @ClubALoficial El equipo est√° como el color d la camiseta verde, sin ideas sin 10 y sobretodo con un dt q no da la talla para este equipo. Moyano y Matzuda debieron ser titulares. Ballon y valenzuela no contienen ni su orina... El dt es el principal problema q tiene el equipo",
2021-08-01 21:05:43,@GOLPERUoficial Hoy gana mi Alianza. Denle m√°s oportunidades a Matzuda. Saludos a la barra aliancista #LoscALAtos #LIGA1BETSSONXGOLPERU,
2021-08-01 20:59:12,Quiero ver a matzuda,
2021-08-01 20:20:25,RT @theatharis: ¬°Confirmado! Mauricio Matzuda tendr√≠a minutos en el Alianza Lima vs. Sport Boys https://t.co/LhOid3GBgV a trav√©s de @libero‚Ä¶,
2021-08-01 20:14:36,"¬°Tendr√° sus minutos! ‚¨áÔ∏è‚öΩ
El conjunto 'Blanquiazul' ir√° por lo tres puntos ante el cuadro porte√±o, y por ello, apostar√≠a por el despliegue del joven futbolista para este trascendental encuentro.
https://t.co/Z6A0fsJJxr",
2021-08-01 20:12:53,¬°Confirmado! Mauricio Matzuda tendr√≠a minutos en el Alianza Lima vs. Sport Boys https://t.co/LhOid3GBgV a trav√©s de @liberoperu,
2021-08-01 20:10:16,"RT @elblogintimoEBI: ¬°LOS 11! 
Valenzuela vuelve a ser titular y tenemos a Matzuda en el banco como alternativa de cambio. No sali√≥ Gonzale‚Ä¶",
2021-08-01 20:08:13,"RT @elblogintimoEBI: ¬°LOS 11! 
Valenzuela vuelve a ser titular y tenemos a Matzuda en el banco como alternativa de cambio. No sali√≥ Gonzale‚Ä¶",
2021-08-01 20:02:51,"@Pedro_HerreraM Entra entre el o el Paraguayo,  como el parte m√©dico de @ClubALoficial no informa nada no sabemos si supero su lesi√≥n. Lo bueno que Matzuda esta en banco el no va tirar la pelota para atr√°s si le toca en el 1 contra 1.",
2021-08-01 20:01:19,"@DaringDiegoxx @fanovargas Si, ya estaba listo y podr√≠a haber entrado hoy en la banca. Pero no s√© si Bustos no lo querr√° forzar o ser√° como Matzuda que tendremos que esperar y esperar hasta que lo ponga.",
2021-08-01 20:00:38,"RT @Ricky_Figueroa: Matzuda en el banco de Alianza Lima ante Boys
cc. @prainuzzo",
2021-08-01 19:59:17,@ClubALoficial ojala veamos entrar a Matzuda,
2021-08-01 19:57:49,"Matzuda en el banco de Alianza Lima ante Boys
cc. @prainuzzo",
2021-08-01 19:55:45,"RT @elblogintimoEBI: ¬°LOS 11! 
Valenzuela vuelve a ser titular y tenemos a Matzuda en el banco como alternativa de cambio. No sali√≥ Gonzale‚Ä¶",
2021-08-01 19:55:27,"¬°LOS 11! 
Valenzuela vuelve a ser titular y tenemos a Matzuda en el banco como alternativa de cambio. No sali√≥ Gonzales Zela en la lista.

Por eso yooooo, soy de Alianza y lo sigo a donde va...blanquiazul, pongan huevos que tenemos que ganar
#ElCoraz√≥nDelPueblo https://t.co/kfmDk3ScwA",
2021-08-01 19:51:52,"RT @fanovargas: Matzuda va al banco contra Boys... Hazlo entrar, Carlitos ",
2021-08-01 19:32:23,"""Atenci√≥n aaaaaaaaaaaaaatenci√≥n""
Falta 58 minutos para que Alianza Lima‚ö™Ô∏è enfrente a Sport Boys los 1‚É£1‚É£que salen a la cancha son...

Novedades: 
Reaparece en el once titular O. Valenzuela reemplazando a A. Moyano.
M. Matzuda vuelve al banco en reemplazo de Gonzales Zela. https://t.co/kSAhhwgaeW",
2021-08-01 19:29:49,"Suplentes: Saravia, Vilchez, Moyano, Benitez, Rodr√≠guez, Oliva, Matzuda.",
2021-08-01 19:29:47,"Un dato para agregar, vuelve Matzuda al bancoü•∞

#ArribaAlianza https://t.co/xQO2X8j4NO",
2021-08-01 19:23:39,@ClubALoficial @sportboys Denle oportunidad a Gonzales Zela queremos ver a Pinto al chino Matzuda y F por el Zorrito,
2021-08-01 19:22:41,"Si es cierto que hoy Matzuda va al banco, llega a entrar  y hace lo que s√© que va a hacer: dar una asistencia, generar un penal o (en el mejor escenario) marcar un gol; me van s aguantar en todos los espacios que se abran, porque voy a llegar en modo CUTO.",
2021-08-01 19:18:52,"Por primera vez en la fase 2, Mauricio Matzuda ser√° opci√≥n en el banco. Entra en la lista por Gonz√°les Zela. https://t.co/TBQ1fjPoi5",
2021-08-01 19:13:49,"Matzuda va al banco contra Boys... Hazlo entrar, Carlitos ",
2021-08-01 19:10:31,"@Rojasch04 @VocesFutbolPeru Matzuda, Saravia, Arley, Oliva, Ben√≠tez, Moyano, V√≠lchez.  A falta de la confirmaci√≥n oficial. Pinto concentr√≥ pero no fue convocado.",
2021-08-01 18:57:03,@MaikolRz Hoy Matzuda debe tener minutos. Es la idea.,
2021-08-01 18:56:00,"@FernandaHuapaya Bien , yo estaba pensando en una dupla Arley- Mora y Lagos con Matzuda , harto desequilibrio en ataque y no arrugan en el 1 contra 1, que opinas Fer.",
2021-08-01 18:48:39,Mauricio Matzuda en la banca de suplentes hoy en el partido de Alianza Lima ante Sport Boys.,
2021-08-01 18:26:24,"@ClubALoficial @sportboys @GOLPERUoficial @LigaFutProf Salgan con todo desde el 1er tiempo no defrauden, si el equipo necesita desequilibrio pueden poner Arley - Mora y por el otro lado a Matzuda con Lagos. https://t.co/gs7rVtTnGz",
2021-08-01 16:14:15,"RT @theatharis: Posible alineaci√≥n de Alianza Lima ante Sport Boys: Campos; M√≠guez, Portales, Rojas; Mora, Lagos, Ball√≥n, Valenzuela, Conch‚Ä¶",
2021-08-01 15:30:24,"#Monclova Los for√°neos Tony Matzuda, King Rex y Prometeo regresar√°n este lunes a la Arena Coliseo de Monclova. https://t.co/5AgR16l7GO",
2021-08-01 15:04:27,"@x4vyjm @Jose_Chavarri Lo de matzuda parece que fuera m√°s un tema de biotipo, hay que ser objetivos y el chasis del chino parece el de un chico de 15 a√±os y no el de un futbolista profesional...",
2021-08-01 12:04:03,"Estamos obligados a ganar por el acumulado sino se escapa la Vallejo,  no salgan en plan H.. en el 1er tiempo. GUERREEN  @Hernanbarcos el partido porque as√≠ saldr√° el Boys. Bustos replantea bien por favor, banco Matzuda @ClubALoficial , @blanquiazulhora @LosRenegrones https://t.co/NnZ27H7oP4",
2021-08-01 05:39:49,"RT @theatharis: Posible alineaci√≥n de Alianza Lima ante Sport Boys: Campos; M√≠guez, Portales, Rojas; Mora, Lagos, Ball√≥n, Valenzuela, Conch‚Ä¶",
2021-08-01 04:12:59,"RT @theatharis: Posible alineaci√≥n de Alianza Lima ante Sport Boys: Campos; M√≠guez, Portales, Rojas; Mora, Lagos, Ball√≥n, Valenzuela, Conch‚Ä¶",
2021-08-01 03:59:07,"RT @theatharis: Posible alineaci√≥n de Alianza Lima ante Sport Boys: Campos; M√≠guez, Portales, Rojas; Mora, Lagos, Ball√≥n, Valenzuela, Conch‚Ä¶",
2021-08-01 03:35:28,Vamos matzuda es tu momento https://t.co/K9jdz4pWlS,
2021-08-01 03:05:14,"RT @theatharis: Posible alineaci√≥n de Alianza Lima ante Sport Boys: Campos; M√≠guez, Portales, Rojas; Mora, Lagos, Ball√≥n, Valenzuela, Conch‚Ä¶",
2021-08-01 02:51:00,"RT @theatharis: Posible alineaci√≥n de Alianza Lima ante Sport Boys: Campos; M√≠guez, Portales, Rojas; Mora, Lagos, Ball√≥n, Valenzuela, Conch‚Ä¶",
2021-08-01 02:44:43,"RT @theatharis: Posible alineaci√≥n de Alianza Lima ante Sport Boys: Campos; M√≠guez, Portales, Rojas; Mora, Lagos, Ball√≥n, Valenzuela, Conch‚Ä¶",
2021-08-01 02:28:08,"RT @theatharis: Posible alineaci√≥n de Alianza Lima ante Sport Boys: Campos; M√≠guez, Portales, Rojas; Mora, Lagos, Ball√≥n, Valenzuela, Conch‚Ä¶",
2021-08-01 02:02:58,"RT @theatharis: Posible alineaci√≥n de Alianza Lima ante Sport Boys: Campos; M√≠guez, Portales, Rojas; Mora, Lagos, Ball√≥n, Valenzuela, Conch‚Ä¶",
2021-08-01 01:59:13,"RT @theatharis: Posible alineaci√≥n de Alianza Lima ante Sport Boys: Campos; M√≠guez, Portales, Rojas; Mora, Lagos, Ball√≥n, Valenzuela, Conch‚Ä¶",
2021-08-01 01:55:26,"RT @theatharis: Posible alineaci√≥n de Alianza Lima ante Sport Boys: Campos; M√≠guez, Portales, Rojas; Mora, Lagos, Ball√≥n, Valenzuela, Conch‚Ä¶",
2021-08-01 01:53:59,"Posible alineaci√≥n de Alianza Lima ante Sport Boys: Campos; M√≠guez, Portales, Rojas; Mora, Lagos, Ball√≥n, Valenzuela, Concha; Aldair y Barcos. Posibles suplentes: Matzuda, Saravia, Arley, Oliva, Ben√≠tez, Moyano, V√≠lchez. Jefferson Farf√°n la otra semana se une al grupo. Saludos. https://t.co/tQbD3fNtZ6",
2021-07-31 22:40:44,"@Jose_Chavarri Matzuda es un ejemplo de lo q dices. Las pocas oportunidades que ha tenido, ha demostrado que es encarador sin miedo a perderla. Pero x lo t√°ctico no es del gusto de los DTs.",
2021-07-29 17:16:08,"@theatharis @liberoperu Gracias al zorrito Aguirre por siempre estar dispuesto a apoyar a su club pero siendo sinceros ya es hora de darle pase a los j√≥venes, y si hay! Pinto, matzuda, Cornejo cuando se recupere. Estamos gastando p√≥lvora en gallinazo ‚Ä¶.",
2021-07-29 14:53:05,"@ClubALoficial Vamos Bustos no la cag.. estudia a tu rival, no pongas desde el arranque jugadores que no trabajaron la semana completa por alguna lesi√≥n y lleguen liquidados como Barcos la fecha pasada, lleva a Matzuda que te da desequilibrio en el 1 contra 1. Demuestra que eres estratega ",
2021-07-27 17:57:26,"@ClubALoficial yo no lo traigo , porque confio en el grupo que hay en alianza 
mas minutos a matzuda y gonzalez zela 
zorrito aguirre es otra opcion 
pajaro benitez le doy la confianza todavia ,",
2021-07-27 16:58:09,"RT @BlueGrone94: Ante las fechas continuas que se vienen. 
Todos los jugadores deben estar aptos y bien capacitados para jugar y ser regula‚Ä¶",
2021-07-27 02:30:46,@theatharis Se necesita jugadores encaradores y desequilibrantes como Mauricio Matzuda para partidos como el que se jug√≥ con AL universidad y el que viene con Boys que son equipos que se cierran atr√°s,
2021-07-27 01:50:52,@blanquiazulhora Matzuda debe de estar si o s√≠,
2021-07-27 01:26:57,"@elblogintimoEBI @ClubALoficial @LigaFutProf Juega con cuatro al fondo, sienta a Ball√≥n y Moras que est√°n en nada, dale oportunidades a Pinto y Matzuda, no seas argollero, que el fondo no te haga el equipo.....gilazo",
2021-07-27 01:14:33,"@blanquiazulhora el DT debe probar a Matzuda y a Pinto, para que cambie #GenteJoven",
2021-07-26 23:46:51,"Ante las fechas continuas que se vienen. 
Todos los jugadores deben estar aptos y bien capacitados para jugar y ser regulares en la cancha. 
Caso Manzaneda, Zela, Gallardo, Matzuda, Pinto, Caro, Canales, Montoya, Lacerda.
‚ö™",
2021-07-26 18:23:20,"@jjimenez2312 @theatharis Creo que ya tiene jugador para el 433. Por derecha tiene a Arley y Matzuda, por izquierda Ben√≠tez demostr√≥ ser m√°s un extremo que un volante. Incluso Aldair puede jugar de extremo o de 9 suplente de Barcos.",
2021-07-26 17:41:51,@theatharis Porque Bustos no lo toma en cuenta a Matzuda al menos 20 minutos. Contra Santa Rosa entro y desnivelo porque tiene un buen uno contra uno y encara siempre. Eso se necesito contra Universidad. Nadie rompe l√≠neas.,
2021-07-26 17:34:17,@theatharis y mi matzuda?,
2021-07-25 19:41:07,RT @Sargheto: Hay que comenzar a buscar variantes porque todos los equipos van a platear lo mismo contra Alianza. Desequilibro falta por la‚Ä¶,
2021-07-25 19:23:39,"@PelotaDeTrapoAL Alianza debe jugar con 4-3-3 Campos, Rojas, Lacerda, Vilchez, Lagos, Miguez, Moyano, Concha, Matzuda, Aldair Rodriguez y Arley Rodriguez.",
2021-07-25 18:40:10,"@theatharis @liberoperu @ClubALoficial Hasta cuando @ClubALoficial hay que esperar al inepto de Bustos para que haga jugar a Matzuda y a Pinto, espero que no haya ""argolla"" y  ponga a jugar al ""paquete"" del pajaro de mal ag√ºero, en vez de los chicos que estoy seguro que la romper√°n por el club.",
2021-07-25 16:05:27,"@SobrinoV_Edu Muy mal los cambios, bustos se equivoco y porque no entra matzuda?",
2021-07-25 13:30:57,"@RodrigoED1901 Aparte todo lo ve regresar el bal√≥n hacia nuestra √°rea, cuando tenemos el bal√≥n en tres cuartos del √°rea rival s√≥lo deber√≠a jugar Moyano y poner a Matzuda. El problema del equipo es el t√©cnico mucho plantel para el dt, q solo juega a no perder.",
2021-07-25 11:04:19,@SobrinoV_Edu puedo saber porque es considerado Matzuda?,
2021-07-25 03:50:11,RT @theatharis: Como se adelant√≥ en @liberoperu. Mauricio Matzuda entre los futbolistas de Alianza Lima que esta tarde buscar√°n la victoria‚Ä¶,
2021-07-25 02:00:35,@Sargheto Exacto un desequilibrante es matzuda gallardo tambi√©n puede ser aunque no lo quieran aceptar en la copa bicentenario cuando le toco matzuda lo hizo bien su atrevimiento le llev√≥ a q le cometan un penal yo me la jugar√≠a x el chico y una cosa bustos tienen q estudiar a los rivales,
2021-07-25 01:43:34,@Sargheto El √∫nico extremo que encare que tenemos es Matzuda,
2021-07-25 01:36:07,@Sargheto Matzuda es la voz,
2021-07-25 01:35:19,Hay que comenzar a buscar variantes porque todos los equipos van a platear lo mismo contra Alianza. Desequilibro falta por las bandas. Quiz√°s Miguez aporte mucho mas como volante central. Se desperdicia su empuje atr√°s. Urge desequilibro por bandas. Matzuda? puede ser. Busquemos.,
