"","Topic 1","Topic 2","Topic 3","Topic 4","Topic 5"
"1","soto","yulimar","castillo","vote","castillo"
"2","hernando","rojas","juan","bts","bellido"
"3","grupos","simon","barcos","bomba","gabinete"
"4","luli","jorge","mora","pop","gobierno"
"5","gonzalez","venezuela","bustos","pinks","pedro"
"6","binacional","daniel","trabajo","mineta","palacio"
"7","run","dhers","valenzuela","world","canal"
"8","suscribite","team","suiza","revolutionized","ahora"
"9","weverse","castillo","julio","costa","bre√±a"
"10","bts","hamilton","min","gabriel","stay"
